RMSE_Test,AIC,BIC,WAIC,LOO_CV,LOO_p_eff
1.2820785087487798,433.75088344446004,1166.186297911924,34.881009300465564,38.669725894457095,43.35163516517578
